{
    "matrix": [
        [
            905.4608433106627,
            0.0,
            359.1466383396466
        ],
        [
            0.0,
            905.7609976301932,
            619.4133588302643
        ],
        [
            0.0,
            0.0,
            1.0
        ]
    ],
    "disto": [
        [
            0.04409623546390136,
            -0.046919733496114044,
            -0.0005322617762867926,
            -0.0005067908174440739,
            -0.027722034635385532
        ]
    ],
    "rotvec": [
        [
            [
                0.017644452239084226
            ],
            [
                -0.18432659914354307
            ],
            [
                1.5239838883439745
            ]
        ],
        [
            [
                -0.020571384551414135
            ],
            [
                -0.2971316998673797
            ],
            [
                1.3556620003039233
            ]
        ],
        [
            [
                -0.013038438496958061
            ],
            [
                -0.20990106201292447
            ],
            [
                1.3119759219593934
            ]
        ],
        [
            [
                -0.1733210184252154
            ],
            [
                -0.17393818654854795
            ],
            [
                1.3119413045642905
            ]
        ],
        [
            [
                -0.2159188651189204
            ],
            [
                -0.13241909493399032
            ],
            [
                1.3869347393192704
            ]
        ],
        [
            [
                -0.0452939992150762
            ],
            [
                -0.2525594777255023
            ],
            [
                -0.10226636342392396
            ]
        ],
        [
            [
                -0.20350830755332439
            ],
            [
                -0.2481069048099536
            ],
            [
                1.2876175088364712
            ]
        ],
        [
            [
                -0.15320231572042448
            ],
            [
                -0.274498505518123
            ],
            [
                1.2733335440486666
            ]
        ],
        [
            [
                0.012422760495228623
            ],
            [
                -0.21587099274882535
            ],
            [
                1.349804701275341
            ]
        ],
        [
            [
                -0.09212023351499415
            ],
            [
                -0.1820816683409925
            ],
            [
                1.4099174655849058
            ]
        ],
        [
            [
                -0.23869040249116985
            ],
            [
                -0.15386497896243823
            ],
            [
                1.4300570757175703
            ]
        ],
        [
            [
                -0.24390373694799164
            ],
            [
                -0.167955476076782
            ],
            [
                1.429357005204408
            ]
        ],
        [
            [
                -0.2562481223847574
            ],
            [
                -0.040484093157406885
            ],
            [
                1.4096855905313048
            ]
        ],
        [
            [
                -0.2469606352254365
            ],
            [
                -0.03386487921541665
            ],
            [
                1.3384838797150702
            ]
        ],
        [
            [
                -0.050173819779407436
            ],
            [
                -0.36031445823140723
            ],
            [
                -0.06392945130178272
            ]
        ],
        [
            [
                -0.300290788791605
            ],
            [
                -0.20442769624062088
            ],
            [
                1.38598023498797
            ]
        ],
        [
            [
                -0.31073356213013364
            ],
            [
                -0.1694091494916935
            ],
            [
                1.424694664466311
            ]
        ],
        [
            [
                -0.3262062254912971
            ],
            [
                -0.09194733107434871
            ],
            [
                1.4280474314338005
            ]
        ],
        [
            [
                -0.13919920198630018
            ],
            [
                -0.24115954496199504
            ],
            [
                -0.14652479777215946
            ]
        ],
        [
            [
                -0.3306122145088266
            ],
            [
                -0.12684385627030748
            ],
            [
                1.4082947109839026
            ]
        ]
    ],