{
    "rotation": [
        [
            0.419199,
            0.0,
            -0.907895
        ],
        [
            0.907895,
            0.0,
            0.419199
        ],
        [
            0.0,
            -1.0,
            0.0
        ]
    ],
    "offset": [
        0.066,
        -0.315,
        0.313
    ]
}
