{
    "rotation": [
        [
            0.0,
            0.0,
            1.0
        ],
        [
            -0.707107,
            -0.707107,
            0.0
        ],
        [
            0.707107,
            -0.707107,
            0.0
        ]
    ],
        "offset": [
        -0.318,
        -0.321,
        0.175
    ]
}
