{
    "rotation": [
        [
            0.0,
            -0.3746066,
            -0.9271839
        ],
        [
            1.0,
            0.0,
            0.0
        ],
        [
            0.0,
            -0.9271839,
            0.3746066
        ]
    ],
        "offset": [
        -0.035,
        0.315,
        0.245
    ]
}
