{
    "rotation": [
        [
            0.707107,
            -0.0,
            0.707107
        ],
        [
            -0.707107,
            0.0,
            0.707107
        ],
        [
            -0.0,
            -1.0,
            0.0
        ]
    ],
    "offset": [
        -0.314,
        0.323,
        0.195
    ]
}
