{
    "rotation": [
        [
            0.0,
            -0.406418,
            -0.913687
        ],
        [
            1.0,
            -0.0,
            0.0
        ],
        [
            -0.0,
            -0.913687,
            0.406418
        ]
    ],
        "offset": [
        0.087,
        0.314,
        0.368
    ]
}
